"VEGOBJEKT-ID";"TYPE-ID";"VERSJON";"FØRSTE FOREKOMST";"STARTDATO";"SLUTTDATO";"SIST MODIFISERT";"NAVN";"LINK TIL INFOSIDER";"TILLEGGSINFORMASJON";"GEOMETRI, PUNKT";"LOK.KOMMUNE";"LOK.KOMMUNENUMMER";"LOK.FYLKE";"LOK.FYLKESNUMMER";"LOK.RIKSVEGRUTE";"LOK.KONTRAKTSOMRÅDE";"LOK.VEGSYSTEMREFERANSE";"LOK.VEGKATEGORI";"LOK.FASE";"LOK.VEGNUMMER";"LOK.STREKNING";"LOK.DELSTREKNING";"FRA METER";"TIL METER";"VEGLENKESEKVENSID";"STARTPOSISJON";"SLUTTPOSISJON";"STREKNING.RETNING";"SIDEPOSISJON";"KJØREFELT";"TYPEVEG";"LENGDE";"MOR";"BARN";"GEOMETRI";"GEO.HØYDEREFERANSE"
"154788377";"638";"2";"1";"2023-01-05";"";"2024-09-16T15:47:35";"Kristiansund trafikkstasjon";"https://www.vegvesen.no/om-oss/kontakt-oss/trafikkstasjoner/kristiansund/";"";"POINT (136093.024505357 7018299.92945552)";"Kristiansund";"1505";"Møre og Romsdal";"15";"RUTE6E";"9403 Nordmøre 2022-2027 (f.o.m 01.09.2023),9452 Elektrokontrakt Møre og Romsdal 2022-2027,9481 Rekkverk Trøndelag og Møre og Romsdal 2023-2024";"RV70 S18D1 m3161";"Riksveg";"Eksisterende";"70";"18";"1";"3160,709";"3160,709";"249020";"0,17301089";"0,17301089";"WITH";"";"";"enkelBilveg";"0";"";"44:490557385";"POINT Z(136086.621 7018355.692 24.391)";""
"154788378";"638";"1";"1";"2008-01-15";"";"2024-08-22T15:13:58";"Sunndalsøra trafikkstasjon";"https://www.vegvesen.no/om-oss/kontakt-oss/trafikkstasjoner/sunndalsora/";"";"POINT (170680.599356925 6965811.34221204)";"Sunndal";"1563";"Møre og Romsdal";"15";"";"1505 Indre Nordmøre 2015-2023,1507 Indre Nordmøre 01.09.2023-2027,E1550 Elektrokontrakt Møre og Romsdal";"FV62 S7D1 m10235";"Fylkesveg";"Eksisterende";"62";"7";"1";"10235,068";"10235,068";"248991";"0,89107824";"0,89107824";"WITH";"";"";"kanalisertVeg";"0";"";"44:1017167661";"POINT Z(170672.409 6965834.14 6.492)";""
"154788379";"638";"1";"1";"2008-01-15";"";"2024-08-26T11:58:49";"Ørsta trafikkstasjon";"https://www.vegvesen.no/om-oss/kontakt-oss/trafikkstasjoner/orsta/";"";"POINT (36963.8891099699 6926371.65641883)";"Ørsta";"1520";"Møre og Romsdal";"15";"RUTE4A";"E1552 2017-2022,9452 Elektrokontrakt Møre og Romsdal 2022-2027,9404 Sunnmøre og Indre Romsdal,9481 Rekkverk Trøndelag og Møre og Romsdal 2023-2024";"EV39 S39D1 m4728";"Europaveg";"Eksisterende";"39";"39";"1";"4728,235";"4728,235";"248904";"0,6710287";"0,6710287";"WITH";"";"";"kanalisertVeg";"0";"";"44:1017167372";"POINT Z(36908.068 6926561.783 64.623)";""
"154788381";"638";"2";"1";"2023-01-05";"";"2024-04-25T09:57:39";"Steinkjer trafikkstasjon";"https://www.vegvesen.no/om-oss/kontakt-oss/trafikkstasjoner/steinkjer/";"";"POINT (329088.977204681 7104603.41052957)";"Steinkjer";"5006";"Trøndelag";"50";"";"5008 Steinkjer 2021-2026,E5052 Trøndelag Nord,Skiltkontrakt Trøndelag FK 2020-2025";"FV763 S1D1 m1187";"Fylkesveg";"Eksisterende";"763";"1";"1";"1187,36";"1187,36";"578177";"0,12211764";"0,12211764";"WITH";"";"";"enkelBilveg";"0";"";"44:1017167763";"POINT Z(329140.357 7104550.973 16.118)";""
"154788382";"638";"1";"1";"2008-01-15";"";"2024-10-15T18:28";"Levanger servicekontor";"https://www.vegvesen.no/om-oss/kontakt-oss/trafikkstasjoner/levanger/";"";"POINT (317451.618690283 7073998.98935016)";"Levanger";"5037";"Trøndelag";"50";"";"5007 Stjørdal 2020-2027,E5052 Trøndelag Nord,Skiltkontrakt Trøndelag FK 2020-2025";"FV6874 S1D1 m330";"Fylkesveg";"Eksisterende";"6874";"1";"1";"329,592";"329,592";"578321";"0,03420583";"0,03420583";"WITH";"";"";"enkelBilveg";"0";"";"";"POINT Z(317394.971 7074051.443 5.953)";""
"154788383";"638";"1";"1";"2008-01-15";"";"2023-02-20T10:37:30";"Namsos trafikkstasjon";"https://www.vegvesen.no/om-oss/kontakt-oss/trafikkstasjoner/namsos/";"";"POINT (333295.042762124 7153895.50235787)";"Namsos";"5007";"Trøndelag";"50";"";"5011 Namsos 2022-2027,E5052 Trøndelag Nord,Skiltkontrakt Trøndelag FK 2020-2025";"FV17 S9D10 m0";"Fylkesveg";"Eksisterende";"17";"9";"10";"0";"0";"578108";"0";"0";"WITH";"";"";"kanalisertVeg";"0";"";"44:1017167828";"POINT Z(333756.4 7153914.5 14.61)";""
"154788384";"638";"1";"1";"2008-01-15";"";"2024-08-12T09:24:47";"Molde trafikkstasjon";"https://www.vegvesen.no/om-oss/kontakt-oss/trafikkstasjoner/molde/";"";"POINT (106276.579150047 6983033.51386789)";"Molde";"1506";"Møre og Romsdal";"15";"";"1504 Ytre Romsdal 2018-2023,1539 Tunnel- og bergsikr 2018-2023 Nordm og Romsd,E1550 Elektrokontrakt Møre og Romsdal,1504 Ytre Romsdal 2023-2028";"FV538 S1D1 m6358";"Fylkesveg";"Eksisterende";"538";"1";"1";"6357,614";"6357,614";"249438";"0,96221439";"0,96221439";"WITH";"RIGHT";"";"enkelBilveg";"0";"";"44:490557386";"POINT Z(106231.303 6983073.051 109.589)";""
"154788385";"638";"1";"1";"2008-01-16";"";"2024-10-07T16:05:23";"Brekstad trafikkstasjon";"https://www.vegvesen.no/om-oss/kontakt-oss/trafikkstasjoner/brekstad/";"";"POINT (236292.876185029 7074034.37423679)";"Ørland";"5057";"Trøndelag";"50";"";"5003 Fosen 2019-2026,5003 Fosen 2019-2026 vegnett fra 1.9. 2022,5003 Fosen 2019-2026 vegnett fra 1.9. 2021,E5052 Trøndelag Nord,Skiltkontrakt Trøndelag FK 2020-2025";"FV710 S8D1 m965";"Fylkesveg";"Eksisterende";"710";"8";"1";"965,424";"965,424";"72839";"0,10870681";"0,10870681";"WITH";"";"";"enkelBilveg";"0";"";"44:1017167833";"POINT Z(236246.692 7074060.898 3.42)";""
"154788388";"638";"2";"1";"2023-01-05";"";"2023-01-05T13:08:18";"Ålesund trafikkstasjon";"https://www.vegvesen.no/om-oss/kontakt-oss/trafikkstasjoner/alesund/";"";"POINT (55591.2545423125 6956702.94670949)";"Ålesund";"1508";"Møre og Romsdal";"15";"";"1500 Ålesund 2020-2025,E1550 Elektrokontrakt Møre og Romsdal,1500 Ålesund 2025-2030";"FV5946 S2D1 m4591";"Fylkesveg";"Eksisterende";"5946";"2";"1";"4590,616";"4590,616";"249661";"0,98222936";"0,98222936";"WITH";"";"";"enkelBilveg";"0";"";"44:1017167452";"POINT Z(55736.656 6956592.775 42.937)";""
"154788389";"638";"1";"1";"2008-01-15";"";"2024-05-30T10:48:45";"Trondheim trafikkstasjon";"https://www.vegvesen.no/om-oss/kontakt-oss/trafikkstasjoner/trondheim/";"";"POINT (270413.806580184 7038241.26675203)";"Trondheim";"5001";"Trøndelag";"50";"RUTE6A";"Driftskontrakt riksveg Trøndelag sør 2020-2025,9401 Trondheim 2020-2025 (f.o.m. 01.09.2023),9451 Elektrokontrakt Trøndelag 2022-2026,DK 9405 Trøndelag sør,9481 Rekkverk Trøndelag og Møre og Romsdal 2023-2024";"EV6 S76D1 m1148";"Europaveg";"Eksisterende";"6";"76";"1";"1148,397";"1148,397";"72811";"0,16494506";"0,16494506";"WITH";"";"";"kanalisertVeg";"0";"";"44:1017168802";"POINT Z(270325.969 7038532.478 39.476)";""
"154788390";"638";"1";"1";"2008-01-15";"";"2023-01-05T15:39:39";"Stjørdal trafikkstasjon";"https://www.vegvesen.no/om-oss/kontakt-oss/trafikkstasjoner/stjordal/";"";"POINT (295437.558047449 7045109.97762921)";"Stjørdal";"5035";"Trøndelag";"50";"";"5007 Stjørdal 2020-2027,E5052 Trøndelag Nord,Skiltkontrakt Trøndelag FK 2020-2025";"FV6802 S1D1 m434";"Fylkesveg";"Eksisterende";"6802";"1";"1";"433,979";"433,979";"578261";"0,4947327";"0,4947327";"WITH";"";"";"enkelBilveg";"0";"";"44:1017168827";"POINT Z(295572.786 7044885.136 2.847)";""
"154788391";"638";"1";"1";"2008-01-16";"";"2023-01-05T15:45:40";"Orkdal trafikkstasjon";"https://www.vegvesen.no/om-oss/kontakt-oss/trafikkstasjoner/orkdal/";"";"POINT (241338.80630911 7029014.95060593)";"Orkland";"5059";"Trøndelag";"50";"RUTE4B";"9451 Elektrokontrakt Trøndelag 2022-2026,9403 Nordmøre 2022-2027 (f.o.m 01.09.2023),9481 Rekkverk Trøndelag og Møre og Romsdal 2023-2024";"EV39 S4D1 m290";"Europaveg";"Eksisterende";"39";"4";"1";"290,312";"290,312";"72837";"0,04658728";"0,04658728";"WITH";"";"";"enkelBilveg";"0";"";"44:1017168839";"POINT Z(241356.585 7029117.896 5.104)";""
"154788392";"638";"1";"1";"2008-01-16";"";"2024-09-26T11:02:21";"Oppdal servicekontor";"https://www.vegvesen.no/om-oss/kontakt-oss/trafikkstasjoner/oppdal/";"";"POINT (227417.355638859 6951690.88600952)";"Oppdal";"5021";"Trøndelag";"50";"RUTE6E";"9451 Elektrokontrakt Trøndelag 2022-2026,9403 Nordmøre 2022-2027 (f.o.m 01.09.2023),9481 Rekkverk Trøndelag og Møre og Romsdal 2023-2024";"RV70 S1D1 m216";"Riksveg";"Eksisterende";"70";"1";"1";"215,645";"215,645";"72828";"0,00307575";"0,00307575";"WITH";"";"";"enkelBilveg";"0";"";"";"POINT Z(227496.7 6951740.864 543.198)";""
"154788393";"638";"1";"1";"2008-01-16";"";"2024-09-26T10:08:43";"Røros trafikkstasjon";"https://www.vegvesen.no/om-oss/kontakt-oss/trafikkstasjoner/roros/";"";"POINT (313477.876708953 6942437.01608088)";"Røros";"5025";"Trøndelag";"50";"";"5005 Røros 2020-2025,E5051 Trøndelag Sør,Skiltkontrakt Trøndelag FK 2020-2025,5005 Røros 2025-2030";"FV30 S14D1 m82";"Fylkesveg";"Eksisterende";"30";"14";"1";"81,793";"81,793";"72822";"0,14431719";"0,14431719";"WITH";"";"";"enkelBilveg";"0";"";"44:1017168856";"POINT Z(313482.732 6942527.377 632.134)";""
"190490692";"638";"2";"1";"2022-12-30";"";"2022-12-30T13:06:49";"Risløkka trafikkstasjon";"https://www.vegvesen.no/om-oss/kontakt-oss/trafikkstasjoner/rislokka/";"";"POINT (266519.7543124 6651072.1507651)";"Oslo";"301";"Oslo";"3";"RUTE6A";"9104 Oslo-Gardermoen 2021-2026,9151 Stor-Oslo veglys 2023-2027,9151 Stor-Oslo veglys 2021-2023,Vegoppmerking Oslo 2021-2023,9161 Oslo Elektro 2023-2028,9165 Stor Oslo Trafikksignalanlegg 2023-2028,Rekkverksvedlikehold Øst 2 Oslo Viken 2025-2026,Rekkverksvedlikehold Øst 2 Oslo Viken 2023-2024";"RV163 S1D1 m2083";"Riksveg";"Eksisterende";"163";"1";"1";"2082,691";"2082,691";"625530";"0,15898823";"0,15898823";"WITH";"";"";"kanalisertVeg";"0";"";"44:1017156757";"POINT Z(266547.793 6651023.187 113.11)";"topp"
"190490693";"638";"2";"1";"2022-12-22";"";"2022-12-22T14:20:42";"Billingstad trafikkstasjon";"https://www.vegvesen.no/om-oss/kontakt-oss/trafikkstasjoner/billingstad/";"";"POINT (247308.036044822 6645759.73232423)";"Asker";"3203";"Akershus";"32";"";"30-2E01- Veilys Viken Nord 2021-2026,30-301 Asker og Bærum 2022-2027,30-1E01 Elektrokontrakt Viken 2023-2027";"FV1424 S2D1 m1309 KD1 m14";"Fylkesveg";"Eksisterende";"1424";"2";"1";"14";"14";"443877";"0,18778006";"0,18778006";"WITH";"";"";"rundkjøring";"0";"";"44:1017152335";"POINT Z(247434.634 6645714.363 7.142)";"topp"
"190490694";"638";"2";"1";"2022-12-22";"";"2022-12-22T13:51:38";"Drøbak trafikkstasjon";"https://www.vegvesen.no/om-oss/kontakt-oss/trafikkstasjoner/drobak/";"";"POINT (254994.118953192 6622614.115247)";"Frogn";"3214";"Akershus";"32";"";"30-2E01- Veilys Viken Nord 2021-2026,30-104 Follo 2022-2027,30-1E01 Elektrokontrakt Viken 2023-2027";"FV152 S1D50 m641";"Fylkesveg";"Eksisterende";"152";"1";"50";"641,446";"641,446";"443521";"0,67566129";"0,67566129";"WITH";"";"";"enkelBilveg";"0";"";"44:1017152309";"POINT Z(254951.511 6622640.709 81.439)";"topp"
"190490695";"638";"2";"1";"2022-12-22";"";"2022-12-22T10:07:52";"Lillestrøm trafikkstasjon";"https://www.vegvesen.no/om-oss/kontakt-oss/trafikkstasjoner/lillestrom/";"";"POINT (279571.57518335764 6654801.203494261)";"Lillestrøm";"3205";"Akershus";"32";"RUTE1";"9104 Oslo-Gardermoen 2021-2026,02E01 DV Elektro og automasjon Follo Romerike og Østfold 2022-2025,9151 Stor-Oslo veglys 2023-2027,9151 Stor-Oslo veglys 2021-2023,Vegoppmerking Romerike og Follo 2021-2023,9165 Stor Oslo Trafikksignalanlegg 2023-2028,Rekkverksvedlikehold Øst 2 Oslo Viken 2025-2026,Rekkverksvedlikehold Øst 2 Oslo Viken 2023-2024";"RV226 S1D1 m168 KD1 m47";"Riksveg";"Eksisterende";"226";"1";"1";"47";"47";"1901584";"0,68127456";"0,68127456";"WITH";"LEFT";"";"rundkjøring";"0";"";"44:1017150867";"POINT Z(279695.352 6654723.001 111.959)";""
"190811694";"638";"1";"1";"2008-09-26";"";"2022-09-21T08:53:34";"Kongsvinger trafikkstasjon";"https://www.vegvesen.no/om-oss/kontakt-oss/trafikkstasjoner/kongsvinger/";"";"POINT (334876.475236565 6675888.72627108)";"Kongsvinger";"3401";"Innlandet";"34";"";"3407 Kongsvinger 2022-2028,I01E Innlandet fylkeskommune driftskontrakt Elektro 2021-2026";"FV2034 S1D1 m114";"Fylkesveg";"Eksisterende";"2034";"1";"1";"113,524";"113,524";"704986";"0,140986";"0,140986";"WITH";"";"";"enkelBilveg";"0";"";"";"POINT Z(334822.952 6675889.717 168.484)";"topp"
"190811696";"638";"1";"1";"2008-09-26";"";"2024-06-19T12:39:38";"Lillehammer trafikkstasjon";"https://www.vegvesen.no/om-oss/kontakt-oss/trafikkstasjoner/lillehammer/";"";"POINT (255037.564499413 6785588.59327877)";"Lillehammer";"3405";"Innlandet";"34";"";"3412 Sør Gudbrandsdal 2020 - 2025,I01E Innlandet fylkeskommune driftskontrakt Elektro 2021-2026,3412 Sør Gudbrandsdal 2025 - 2031";"FV213 S8D1 m1781";"Fylkesveg";"Eksisterende";"213";"8";"1";"1781,257";"1781,257";"1060687";"0,96429047";"0,96429047";"WITH";"";"";"enkelBilveg";"0";"";"";"POINT Z(255122.979 6785658.424 198.499)";"topp"
"190811699";"638";"2";"1";"2022-12-30";"";"2022-12-30T13:36:53";"Tynset trafikkstasjon";"https://www.vegvesen.no/om-oss/kontakt-oss/trafikkstasjoner/tynset/";"";"POINT (279039.514056622 6910938.69428689)";"Tynset";"3427";"Innlandet";"34";"";"3405 Nord-Østerdalen 2020-2026,I01E Innlandet fylkeskommune driftskontrakt Elektro 2021-2026";"FV2222 S3D10 m375";"Fylkesveg";"Eksisterende";"2222";"3";"10";"375,409";"375,409";"705132";"0,7583139";"0,7583139";"WITH";"";"";"enkelBilveg";"0";"";"44:1017156773";"POINT Z(278999.264 6910938.593 508.573)";"topp"
"190811700";"638";"2";"1";"2022-12-29";"";"2023-05-19T12:08:57";"Otta trafikkstasjon";"https://www.vegvesen.no/om-oss/kontakt-oss/trafikkstasjoner/otta/";"";"POINT (212726.14811922098 6858207.581866264)";"Sel";"3437";"Innlandet";"34";"RUTE6A";"9107 Gudbrandsdalen 2021-2025,9152 Innlandet veglys 2021-2026,05E01 Elektro og automasjon Oppland 2021-2025,Vegoppmerking Innlandet 2021-2023,Utgår 9107 Gudbrandsdalen 2025-2030,9107 Gudbrandsdalen 2025-2030";"EV6 S49D1 m8358";"Europaveg";"Eksisterende";"6";"49";"1";"8358";"8358";"1060625";"0,44510092";"0,44510092";"WITH";"RIGHT";"";"kanalisertVeg";"0";"";"44:1017156489";"POINT Z(212576.423 6858308.116 285.009)";""
"190811701";"638";"1";"1";"2008-09-26";"";"2024-07-08T14:16:49";"Fagernes trafikkstasjon";"https://www.vegvesen.no/om-oss/kontakt-oss/trafikkstasjoner/fagernes/";"";"POINT (187284.875762357 6776354.71176504)";"Nord-Aurdal";"3451";"Innlandet";"34";"";"3409 VALDRES 2021-2027,I01E Innlandet fylkeskommune driftskontrakt Elektro 2021-2026";"FV51 S6D1 m1751";"Fylkesveg";"Eksisterende";"51";"6";"1";"1750,552";"1750,552";"1060680";"0,17351763";"0,17351763";"WITH";"RIGHT";"";"enkelBilveg";"0";"";"";"POINT Z(187236.891 6776338.807 385.912)";"topp"
"190811702";"638";"2";"1";"2022-12-29";"";"2022-12-29T13:49:03";"Gjøvik trafikkstasjon";"https://www.vegvesen.no/om-oss/kontakt-oss/trafikkstasjoner/gjovik/";"";"POINT (262299.546237358 6746118.19859314)";"Gjøvik";"3407";"Innlandet";"34";"RUTE6A";"0501 GJØVIK-TOTEN  2018-2023,9106 Gjøvik og Romerike 2022 - 2027,9152 Innlandet veglys 2021-2026,05E01 Elektro og automasjon Oppland 2021-2025,Vegoppmerking Innlandet 2021-2023";"RV4 S14D1 m10449";"Riksveg";"Eksisterende";"4";"14";"1";"10449,297";"10449,297";"1203619";"0,83537007";"0,83537007";"WITH";"";"";"kanalisertVeg";"0";"";"44:1017156424";"POINT Z(262968.581 6745923.569 224.782)";"topp"
"480783406";"638";"2";"1";"2022-12-15";"";"2023-12-18T12:17:12";"Egersund Trafikkstasjon";"https://www.vegvesen.no/om-oss/kontakt-oss/trafikkstasjoner/egersund/";"";"POINT (-22131.512525003578 6516808.725162018)";"Eigersund";"1101";"Rogaland";"11";"RUTE3";"9301 Stavanger 2022-2027,9351 Rogaland og Sunnhordland 2022-2027,9301 Stavanger 2022-2027 (2023-),Vegoppmerking Vest,9361 automasjon Vestland og Rogaland 2022-2025";"RV426 S1D1 m7663";"Riksveg";"Eksisterende";"426";"1";"1";"7662,52";"7662,52";"319700";"0,76682978";"0,76682978";"WITH";"LEFT";"";"enkelBilveg";"0";"";"44:262052452";"POINT Z(-22281.322 6516733.305 17.293)";""
"480783411";"638";"2";"1";"2022-12-19";"";"2024-04-23T14:57:28";"Haugesund trafikkstasjon";"https://www.vegvesen.no/om-oss/kontakt-oss/trafikkstasjoner/haugesund/";"";"POINT (-49060.26108404575 6623410.479075166)";"Haugesund";"1106";"Rogaland";"11";"";"1154 Elektro Drift Nord-Rogaland 2022-2023,1107 Haugalandet 2019-2024 (2022-),1107 Haugalandet 2024-2029,1154 Elektro Drift Nord-Rogaland 2024-2025";"FV4802 S2D1 m671";"Fylkesveg";"Eksisterende";"4802";"2";"1";"671,347";"671,347";"320742";"0,06850291";"0,06850291";"WITH";"LEFT";"";"enkelBilveg";"0";"";"44:1017138073";"POINT Z(-49139.874 6623455.148 30.908)";""
"480783581";"638";"1";"1";"2013-12-17";"";"2024-04-26T13:26:29";"Sauda kundesenter";"https://www.vegvesen.no/om-oss/kontakt-oss/trafikkstasjoner/sauda/";"";"POINT Z(13536.3848689495 6644278.40465754 8.737)";"Sauda";"1135";"Rogaland";"11";"";"1105 Indre Ryfylke 2021-2026,1154 Elektro Drift Nord-Rogaland 2022-2023,1154 Elektro Drift Nord-Rogaland 2024-2025";"FV520 S3D1 m6668";"Fylkesveg";"Eksisterende";"520";"3";"1";"6668,191";"6668,191";"320643";"0,04448677";"0,04448677";"WITH";"RIGHT";"";"enkelBilveg";"0";"";"";"POINT Z(13547.386 6644293.897 7.102)";"fot"
"480783738";"638";"1";"1";"2013-12-17";"";"2022-12-19T08:50:49";"Stavanger trafikkstasjon";"https://www.vegvesen.no/om-oss/kontakt-oss/trafikkstasjoner/stavanger/";"";"POINT (-35127.87030376948 6566154.864227602)";"Sandnes";"1108";"Rogaland";"11";"";"1153 Fv Elektro Drift Sør-Rogaland 2021-2024,RFK Stavanger 2026-2027,1153 FV Elektro Drift Sør-Rogaland 2024-2025,1103 Stavanger 2022-2027";"FV4526 S3D1 m28 KD1 m49";"Fylkesveg";"Eksisterende";"4526";"3";"1";"49";"49";"1928905";"0,12337571";"0,12337571";"WITH";"RIGHT";"";"rundkjøring";"0";"";"44:1010973475";"POINT Z(-35058.963 6565619.774 10.298)";""
"480783739";"638";"1";"1";"2013-12-17";"";"2024-10-11T15:09:42";"Førde trafikkstasjon";"https://www.vegvesen.no/om-oss/kontakt-oss/trafikkstasjoner/forde/";"";"POINT Z(15003.0212561176 6846555.8733496 7.507)";"Sunnfjord";"4647";"Vestland";"46";"RUTE4A";"E1455 Elektrokontrakt Fjordane 2018-2023,9305 Sunnfjord 2021-2026,9305 Sunnfjord 2021-2026 (2021-2022),9305 Sunnfjord 2021-2026 (2022-2023),9305 Sunnfjord 2021-2026 (2023-),9354 Fjordane 2022-2027,Vegoppmerking Vest,9361 automasjon Vestland og Rogaland 2022-2025,9354 Fjordane 2022-2027 (2023-)";"EV39 S57D1 m8993";"Europaveg";"Eksisterende";"39";"57";"1";"8993,182";"8993,182";"384481";"0,00497421";"0,00497421";"WITH";"RIGHT";"";"enkelBilveg";"0";"";"44:763177180";"POINT Z(15039.72 6846598.329 6.71)";"fot"
"480784532";"638";"1";"1";"2013-12-17";"";"2023-12-16T01:12:08";"Nordfjordeid trafikkstasjon";"https://www.vegvesen.no/om-oss/kontakt-oss/trafikkstasjoner/nordfjordeid/";"";"POINT Z(27905.6538982653 6896210.41152317 6.994)";"Stad";"4649";"Vestland";"46";"RUTE4A";"E1455 Elektrokontrakt Fjordane 2018-2023,9354 Fjordane 2022-2027,Vegoppmerking Vest,9361 automasjon Vestland og Rogaland 2022-2025,9306 Nordfjord 2023-2028,9306 Nordfjord 2023-2028 (Sommer),9354 Fjordane 2022-2027 (2023-)";"EV39 S47D1 m5418";"Europaveg";"Eksisterende";"39";"47";"1";"5417,814";"5417,814";"384487";"0,97139537";"0,97139537";"WITH";"LEFT";"";"enkelBilveg";"0";"";"44:78858021";"POINT Z(28043.231 6896413.154 4.701)";"fot"
"480784763";"638";"1";"1";"2013-12-17";"";"2024-01-15T09:48:44";"Sogndal trafikkstasjon";"https://www.vegvesen.no/om-oss/kontakt-oss/trafikkstasjoner/sogndal/";"";"POINT Z(76560.6039183407 6813576.63777293 4.265)";"Sogndal";"4640";"Vestland";"46";"RUTE4C";"E1454 Elektrokontrakt Sogn 2017-2022,9305 Sunnfjord 2021-2026,9305 Sunnfjord 2021-2026 (2022-2023),9305 Sunnfjord 2021-2026 (2023-),9354 Fjordane 2022-2027,Vegoppmerking Vest,9361 automasjon Vestland og Rogaland 2022-2025,9354 Fjordane 2022-2027 (Sommer 2022),9354 Fjordane 2022-2027 (2022-2023),9354 Fjordane 2022-2027 (2023-)";"RV13 S48D1 m9295";"Riksveg";"Eksisterende";"13";"48";"1";"9295,136";"9295,136";"384519";"0,04517231";"0,04517231";"WITH";"RIGHT";"";"enkelBilveg";"0";"";"44:1013117090";"POINT Z(76591.439 6813602.738 4.565)";"fot"
"480800283";"638";"2";"1";"2022-11-01";"";"2023-01-02T10:03:10";"Voss trafikkstasjon";"https://www.vegvesen.no/om-oss/kontakt-oss/trafikkstasjoner/voss/";"";"POINT (34836.17128081963 6752700.0948662935)";"Voss";"4621";"Vestland";"46";"";"4611 Tunnel 2021-2025,1206 Voss 2019-2024,E4652 Hardanger,1206 Voss 2019-2024 (2022-),4606 Voss 2024-2029";"FV5386 S1D10 m455";"Fylkesveg";"Eksisterende";"5386";"1";"10";"455";"455";"805457";"0,32498763";"0,32498763";"WITH";"LEFT";"";"enkelBilveg";"0";"";"44:858759240";"POINT Z(34846.439 6752667.54 94.408)";""
"480856161";"638";"1";"1";"2013-12-18";"";"2024-01-09T11:32:55";"Odda trafikkstasjon";"https://www.vegvesen.no/om-oss/kontakt-oss/trafikkstasjoner/odda/";"";"POINT Z(29561.6707946082 6692052.95091528 0.736)";"Ullensvang";"4618";"Vestland";"46";"";"4602 Hardanger 2022-2027,4611 Tunnel 2021-2025,E4652 Hardanger";"FV550 S1D1 m184";"Fylkesveg";"Eksisterende";"550";"1";"1";"184,361";"184,361";"804986";"0,01871912";"0,01871912";"WITH";"LEFT";"";"enkelBilveg";"0";"";"44:262050354";"POINT Z(29610.433 6692016.385 1.43)";"fot"
"645669599";"638";"3";"1";"2022-12-12";"";"2022-12-12T12:05:27";"Arendal trafikkstasjon";"https://www.vegvesen.no/om-oss/kontakt-oss/trafikkstasjoner/arendal/";"";"POINT Z(134144.37 6497489.83 55.364)";"Arendal";"4203";"Agder";"42";"";"9203 Sørlandske 2022-2023,9255 Agder og Telemark Vest Elektro 2023-2028,Vegoppmerking Sør 2023-2025,NV_011 EV18_Utprøving_NVAS,9204 Agder 2024-2026,9204 Agder 2026-2029";"EV18 S14D1 m5005 SD1 m418";"Europaveg";"Eksisterende";"18";"14";"1";"418,145";"418,145";"8305";"0,83200234";"0,83200234";"WITH";"";"";"enkelBilveg";"0";"";"44:84410103";"POINT Z(134117.582 6497465.308 54.994)";"topp"
"655429194";"638";"2";"1";"2022-12-19";"";"2024-08-13T15:49:59";"Hafslund Trafikkstasjon";"https://www.vegvesen.no/om-oss/kontakt-oss/trafikkstasjoner/hafslund/";"";"POINT (279191.530761719 6575770.30224609)";"Sarpsborg";"3105";"Østfold";"31";"RUTE1";"9103 Østfold-Follo 2022-2027,02E01 DV Elektro og automasjon Follo Romerike og Østfold 2022-2025,9151 Stor-Oslo veglys 2023-2027,Vegoppmerking Østfold 2021-2023,Rekkverksvedlikehold Øst 2 Oslo Viken 2025-2026,Rekkverksvedlikehold Øst 2 Oslo Viken 2023-2024";"RV22 S3D1 m2556";"Riksveg";"Eksisterende";"22";"3";"1";"2556,435";"2556,435";"971483";"0,46564708";"0,46564708";"WITH";"RIGHT";"";"enkelBilveg";"0";"";"44:1017139084";"POINT Z(278857.48 6575977.48 30.318)";"fot"
"655429201";"638";"2";"1";"2022-12-29";"";"2024-07-01T11:39:51";"Jessheim trafikkstasjon";"https://www.vegvesen.no/om-oss/kontakt-oss/trafikkstasjoner/jessheim/";"";"POINT (286952.0220414757 6676246.988629552)";"Ullensaker";"3209";"Akershus";"32";"";"9104 Oslo-Gardermoen 2021-2026,9151 Stor-Oslo veglys 2023-2027,9151 Stor-Oslo veglys 2021-2023,Vegoppmerking Romerike og Follo 2021-2023,9165 Stor Oslo Trafikksignalanlegg 2023-2028,05E01 Elektro og automasjon Oppland 2021-2025,Rekkverksvedlikehold Øst 2 Oslo Viken 2025-2026,Rekkverksvedlikehold Øst 2 Oslo Viken 2023-2024";"EV6 S23D1 m2207 SD1 m186";"Europaveg";"Eksisterende";"6";"23";"1";"186";"186";"2483476";"0,91625616";"0,91625616";"WITH";"";"";"enkelBilveg";"0";"";"44:1017156167";"POINT Z(286869.358 6676262.743 206.468)";""
"655429713";"638";"1";"1";"2015-12-03";"";"2023-08-28T15:27:50";"Hamar trafikkstasjon";"https://www.vegvesen.no/om-oss/kontakt-oss/trafikkstasjoner/hamar/";"";"POINT (287651.622389235 6746153.26700544)";"Hamar";"3403";"Innlandet";"34";"";"I01E Innlandet fylkeskommune driftskontrakt Elektro 2021-2026,3401 Nordre Hedmarken 2022-2028";"FV222 S3D10 m574";"Fylkesveg";"Eksisterende";"222";"3";"10";"574,454";"574,454";"704749";"0,75536242";"0,75536242";"WITH";"RIGHT";"";"enkelBilveg";"0";"";"";"POINT Z(287512.967 6746272.299 127.877)";"topp"
"671529147";"638";"2";"1";"2023-01-02";"";"2024-07-04T12:24:32";"Bergen trafikkstasjon";"https://www.vegvesen.no/om-oss/kontakt-oss/trafikkstasjoner/bergen-kjoretoy/";"";"POINT (-29970.60648991668 6743320.316904076)";"Bergen";"4601";"Vestland";"46";"";"4604 Bergen-Os-Austevoll 2021-2026,E1260 Hordaland vest 2016-2022,4611 Tunnel 2021-2025,E4651 Bergen";"FV578 S3D1 m283";"Fylkesveg";"Eksisterende";"578";"3";"1";"283,178";"283,178";"805421";"0,16018467";"0,16018467";"WITH";"LEFT";"";"enkelBilveg";"0";"";"44:1010962829";"POINT Z(-29959.057 6743279.763 90.961)";""
"763214448";"638";"1";"1";"2017-02-17";"";"2023-01-02T08:54:30";"Stord trafikkstasjon";"https://www.vegvesen.no/om-oss/kontakt-oss/trafikkstasjoner/stord/";"";"POINT (-33182.1019644668 6664641.82873362)";"Stord";"4614";"Vestland";"46";"RUTE4A";"E1260 Hordaland vest 2016-2022,9302 Haugesund 2021-2026 (2022-),9351 Rogaland og Sunnhordland 2022-2027,9302 Haugesund 2021-2026,Vegoppmerking Vest,9361 automasjon Vestland og Rogaland 2022-2025";"EV39 S85D1 m7599";"Europaveg";"Eksisterende";"39";"85";"1";"7599,082";"7599,082";"805611";"0,14517184";"0,14517184";"WITH";"RIGHT";"";"enkelBilveg";"0";"";"44:892346848";"POINT Z(-33201.521 6664667.506 43.977)";"fot"
"764150864";"638";"1";"1";"2017-03-06";"";"2023-06-30T12:51:03";"Bergen trafikkstasjon, førerkort";"https://www.vegvesen.no/om-oss/kontakt-oss/trafikkstasjoner/bergen-forerkort/";"";"POINT (-31626.6216550971 6733352.16864789)";"Bergen";"4601";"Vestland";"46";"";"4604 Bergen-Os-Austevoll 2021-2026,E1260 Hordaland vest 2016-2022,4611 Tunnel 2021-2025,E4651 Bergen";"FV5332 S1D1 m600";"Fylkesveg";"Eksisterende";"5332";"1";"1";"600,471";"600,471";"2353784";"0,85286137";"0,85286137";"WITH";"RIGHT";"";"kanalisertVeg";"0";"";"";"POINT Z(-31649.703 6733348.758 8.405)";"Ikke registrert"
"894208990";"638";"1";"1";"2018-08-28";"";"2022-09-21T08:53:34";"Kristiansand trafikkstasjon";"https://www.vegvesen.no/om-oss/kontakt-oss/trafikkstasjoner/kristiansand/";"";"POINT (84738.190599253 6466136.51211523)";"Kristiansand";"4204";"Agder";"42";"RUTE3";"1003 Kristiansand 2019-2027,9255 Agder og Telemark Vest Elektro 2023-2028,Vegoppmerking Sør 2023-2025,9204 Agder 2024-2026,9204 Agder 2026-2029";"EV39 S127D1 m1496 KD2 m158";"Europaveg";"Eksisterende";"39";"127";"1";"158";"158";"121383";"0,56721354";"0,56721354";"WITH";"RIGHT";"";"rampe";"0";"";"";"POINT Z(84772.214 6466183.502 57.65)";"Ikke registrert"
"894209143";"638";"2";"1";"2022-12-10";"";"2024-08-20T12:08:10";"Skien trafikkstasjon";"https://www.vegvesen.no/om-oss/kontakt-oss/trafikkstasjoner/skien/";"";"POINT (193595.463391718 6570780.41938538)";"Skien";"4003";"Telemark";"40";"RUTE5A";"9201 Vestfold og Telemark øst 2023-2028,9254 Vestfold og Telemark Øst Elektro 2023-2028,Vegoppmerking Sør 2023-2025";"RV36 S2D1 m2371";"Riksveg";"Eksisterende";"36";"2";"1";"2370,939";"2370,939";"521176";"0,56197959";"0,56197959";"WITH";"RIGHT";"";"kanalisertVeg";"0";"";"44:1017108972";"POINT Z(193407.263 6570781.717 19.476)";"Ikke registrert"
"894209172";"638";"1";"1";"2018-08-28";"";"2024-01-23T22:03:02";"Rjukan trafikkstasjon";"https://www.vegvesen.no/om-oss/kontakt-oss/trafikkstasjoner/rjukan/";"";"POINT (145859.43937866 6655080.18745466)";"Tinn";"4026";"Telemark";"40";"";"3807 Rjukan 2021-2026,3852 Grønt Rjukan 2022-2026,3821 Telemark Elektro 2023-2028";"FV37 S9D1 m5783";"Fylkesveg";"Eksisterende";"37";"9";"1";"5783,105";"5783,105";"521414";"0,25619947";"0,25619947";"WITH";"RIGHT";"";"enkelBilveg";"0";"";"";"POINT Z(145821.346 6655234.44 252.66)";"Ikke registrert"
"894209223";"638";"2";"1";"2022-12-10";"";"2022-12-10T21:26:06";"Notodden trafikkstasjon";"https://www.vegvesen.no/om-oss/kontakt-oss/trafikkstasjoner/notodden/";"";"POINT (173672.635625293 6617430.67779226)";"Notodden";"4005";"Telemark";"40";"RUTE5A";"0802 Lifjell 2019-2024,9201 Vestfold og Telemark øst 2023-2028,0802 Lifjell 2022-2024,9254 Vestfold og Telemark Øst Elektro 2023-2028,Vegoppmerking Sør 2023-2025";"EV134 S38D1 m8522";"Europaveg";"Eksisterende";"134";"38";"1";"8522,466";"8522,466";"1664979";"0,46781499";"0,46781499";"WITH";"RIGHT";"";"enkelBilveg";"0";"";"44:1017108973";"POINT Z(173611.306 6617304.239 19.151)";"Ikke registrert"
"894209512";"638";"2";"1";"2022-12-10";"";"2023-11-17T13:09:35";"Tønsberg trafikkstasjon";"https://www.vegvesen.no/om-oss/kontakt-oss/trafikkstasjoner/tonsberg/";"";"POINT (235494.3498594683 6581898.429947959)";"Tønsberg";"3905";"Vestfold";"39";"";"0701 Vestfold øst 2019-2025,3820 Elektro øst 2021-2026,3902 Vestfold øst vei 2025-2030,3952 Grønt Vestfold øst 2025-2030";"FV256 S7D1 m8021";"Fylkesveg";"Eksisterende";"256";"7";"1";"8020,592";"8020,592";"1175882";"0,00324752";"0,00324752";"AGAINST";"LEFT";"";"enkelBilveg";"0";"";"44:1017108974";"POINT Z(235403.444 6582040.956 20.267)";""
"894209593";"638";"1";"1";"2018-08-28";"";"2022-09-21T08:53:34";"Larvik trafikkstasjon";"https://www.vegvesen.no/om-oss/kontakt-oss/trafikkstasjoner/larvik/";"";"POINT (215250.333745772 6556900.15739366)";"Larvik";"3909";"Vestfold";"39";"";"0701 Vestfold øst 2019-2025,3820 Elektro øst 2021-2026,3903 Vestfold syd vei 2025-2030,3953 Grønt Vestfold syd 2025-2030";"FV2990 S1D1 m3378";"Fylkesveg";"Eksisterende";"2990";"1";"1";"3378,264";"3378,264";"2620349";"0,95438943";"0,95438943";"WITH";"LEFT";"";"enkelBilveg";"0";"";"";"POINT Z(215236.467 6556912.791 49.959)";"Ikke registrert"
"894209791";"638";"1";"1";"2018-08-28";"";"2024-02-13T09:10:15";"Kongsberg trafikkstasjon";"https://www.vegvesen.no/om-oss/kontakt-oss/trafikkstasjoner/kongsberg/";"";"POINT (198858.872243043 6623700.7650295)";"Kongsberg";"3303";"Buskerud";"33";"";"0603 Kongsberg 2019-2024,0614 Buskerud elektro og veglys 2020-2025,30-302 Drammen og Kongsberg 2024-2029,0603 Kongsberg 2022-2024,0614 Buskerud elektro og veglys 2023-2025";"FV40 S10D1 m12282";"Fylkesveg";"Eksisterende";"40";"10";"1";"12282,095";"12282,095";"181108";"0,99657692";"0,99657692";"WITH";"RIGHT";"";"kanalisertVeg";"0";"";"";"POINT Z(199013.382 6623720.677 176.965)";"Ikke registrert"
"894209984";"638";"2";"1";"2022-12-29";"";"2024-05-15T14:39:09";"Hønefoss trafikkstasjon";"https://www.vegvesen.no/om-oss/kontakt-oss/trafikkstasjoner/honefoss/";"";"POINT (237122.35919786873 6685460.5785519555)";"Ringerike";"3305";"Buskerud";"33";"";"";"KV10064 S1D1 m319";"Kommunal veg";"Eksisterende";"10064";"1";"1";"319";"319";"142870";"0,14177159";"0,14177159";"WITH";"LEFT";"";"enkelBilveg";"0";"";"44:142242439";"POINT Z(237150.313 6685527.668 198.566)";""
"894209993";"638";"2";"1";"2022-12-29";"";"2024-09-30T14:56:26";"Gol trafikkstasjon";"https://www.vegvesen.no/om-oss/kontakt-oss/trafikkstasjoner/gol/";"";"POINT (170219.36346392025 6744207.529501977)";"Gol";"3324";"Buskerud";"33";"";"0614 Buskerud elektro og veglys 2020-2025,9102 Hallingdal og Valdres 2023-2026,9102 Hallingdal og Valdres 2022-2023,Vegoppmerking Buskerud med Asker og Bærum 2021-2023,0614 Buskerud elektro og veglys 2023-2025";"RV7 S11D1 m8174 SD1 m122";"Riksveg";"Eksisterende";"7";"11";"1";"121,918";"121,918";"3124545";"0,22237849";"0,22237849";"WITH";"";"";"kanalisertVeg";"0";"";"44:907516928";"POINT Z(170159.984 6744175.188 204.602)";""
"894210083";"638";"2";"1";"2022-12-22";"";"2022-12-22T13:14:18";"Drammen trafikkstasjon";"https://www.vegvesen.no/om-oss/kontakt-oss/trafikkstasjoner/drammen/";"";"POINT (233053.54951152072 6633363.588475273)";"Lier";"3312";"Buskerud";"33";"RUTE3";"0614 Buskerud elektro og veglys 2020-2025,9101 Drammen 2022-2023,9101 Drammen 2023-2027,Vegoppmerking Buskerud med Asker og Bærum 2021-2023,0614 Buskerud elektro og veglys 2023-2025,Rekkverksvedlikehold Øst 2 Oslo Viken 2025-2026,Rekkverksvedlikehold Øst 2 Oslo Viken 2023-2024";"EV18 S47D1 m196";"Europaveg";"Eksisterende";"18";"47";"1";"196,148";"196,148";"181259";"0,17392488";"0,17392488";"WITH";"LEFT";"";"kanalisertVeg";"0";"";"44:1017152126";"POINT Z(232999.271 6633409.357 15.127)";""
"1016339598";"638";"1";"1";"2022-09-20";"";"2022-09-20T11:04:20";"Vadsø trafikkstasjon";"https://www.vegvesen.no/om-oss/kontakt-oss/trafikkstasjoner/vadso/";"";"POINT (1054624.1946404972 7842581.332076465)";"Vadsø";"5607";"Finnmark";"56";"";"";"KV10630 S2D1 m85";"Kommunal veg";"Eksisterende";"10630";"2";"1";"85,191";"85,191";"920953";"1";"1";"";"RIGHT";"";"enkelBilveg";"0";"";"";"POINT Z(1054601.5 7842562 25.415)";""
"1016339599";"638";"1";"1";"2022-09-20";"";"2023-01-05T10:57:25";"Mo i Rana trafikkstasjon";"https://www.vegvesen.no/om-oss/kontakt-oss/trafikkstasjoner/mo/";"";"POINT (461655.82492656563 7354318.665248149)";"Rana";"1833";"Nordland";"18";"RUTE7";"1814 Helgeland nord 2015-2030,9551 Nordland 2020-2025,DK Helgeland,Vegoppmerking Nordland 2021-2023,9581 Rekkverk Nordland  2024-2024";"EV6 S125D1 m5166 KD1 m56";"Europaveg";"Eksisterende";"6";"125";"1";"55,828";"55,828";"2284235";"0,63419649";"0,63419649";"";"RIGHT";"";"rundkjøring";"0";"";"44:851795912";"POINT Z(461700.611 7354339.022 20.342)";""
"1016339600";"638";"2";"1";"2022-12-12";"";"2023-01-05T10:59:40";"Finnsnes trafikkstasjon";"https://www.vegvesen.no/om-oss/kontakt-oss/trafikkstasjoner/finnsnes/";"";"POINT (623408.4130626852 7684139.460569311)";"Senja";"5530";"Troms";"55";"";"5005 Troms 2017-2022,1903 Senja 2019-2024,E5451 DV elektro Troms sør og midt 2020-2025";"FV855 S3D1 m7970";"Fylkesveg";"Eksisterende";"855";"3";"1";"7970";"7970";"1125894";"0,84087062";"0,84087062";"WITH";"LEFT";"";"enkelBilveg";"0";"";"44:144924040";"POINT Z(623460.388 7684238.393 49.1)";""
"1016339601";"638";"1";"1";"2022-09-20";"";"2023-01-05T12:08:58";"Ånestad kontrollstasjon";"https://www.vegvesen.no/om-oss/kontakt-oss/trafikkstasjoner/anestad/";"";"POINT (303102.4867638296 6751413.85646971)";"Løten";"3412";"Innlandet";"34";"";"3498 OPS Rv. 3/25 Ommangsvollen-Grundset/Basthjørnet";"RV3 S3D1 m754 SD3 m247";"Riksveg";"Eksisterende";"3";"3";"1";"247,168";"247,168";"3292361";"0,97866917";"0,97866917";"";"LEFT";"";"enkelBilveg";"0";"";"44:1013447746";"POINT Z(303177.992 6751386.404 267.996)";""
"1016339602";"638";"1";"1";"2022-09-20";"";"2022-09-20T11:04:20";"Alta trafikkstasjon";"https://www.vegvesen.no/om-oss/kontakt-oss/trafikkstasjoner/alta/";"";"POINT (815776.3397642327 7783375.781308755)";"Alta";"5601";"Finnmark";"56";"";"";"KV5077 S1D1 m545";"Kommunal veg";"Eksisterende";"5077";"1";"1";"544,598";"544,598";"921668";"0,72829426";"0,72829426";"";"LEFT";"";"enkelBilveg";"0";"";"";"POINT Z(815674.515 7783403.62 50.455)";""
"1016339603";"638";"1";"1";"2022-09-20";"";"2022-12-19T12:43:30";"Narvik trafikkstasjon";"https://www.vegvesen.no/om-oss/kontakt-oss/trafikkstasjoner/narvik/";"";"POINT (599876.1702379045 7590722.899776513)";"Narvik";"1806";"Nordland";"18";"";"1816 Ofoten 2018-2023,E1853 DV elektro Ofoten Lofoten og Vesterålen 2020-2025,DK1809 Lofoten-Ofoten 2021-2026,V5-18(NFK22) - Bruvedlikehold 2023-2025,V5-18(NFK21) - Tunnelvedlikehold 2023-2025";"FV7570 S1D1 m316";"Fylkesveg";"Eksisterende";"7570";"1";"1";"315,621";"315,621";"886113";"0,03196079";"0,03196079";"";"RIGHT";"";"enkelBilveg";"0";"";"";"POINT Z(599822.266 7590759.6 10.59)";""
"1016339604";"638";"1";"1";"2022-09-20";"";"2022-09-20T11:04:20";"Brønnøysund trafikkstasjon";"https://www.vegvesen.no/om-oss/kontakt-oss/trafikkstasjoner/bronnoysund/";"";"POINT (372521.33009157015 7265790.8120965315)";"Brønnøy";"1813";"Nordland";"18";"";"";"KV3920 S1D1 m471";"Kommunal veg";"Eksisterende";"3920";"1";"1";"470,692";"470,692";"855509";"0,80140405";"0,80140405";"";"RIGHT";"";"enkelBilveg";"0";"";"";"POINT Z(372528.532 7265739.932 7.466)";""
"1016339605";"638";"1";"1";"2022-09-20";"";"2022-09-20T11:04:20";"Lakselv trafikkstasjon";"https://www.vegvesen.no/om-oss/kontakt-oss/trafikkstasjoner/lakselv/";"";"POINT (878338.0737663318 7801275.611177511)";"Porsanger";"5622";"Finnmark";"56";"";"";"KV1000 S1D1 m207";"Kommunal veg";"Eksisterende";"1000";"1";"1";"206,642";"206,642";"922437";"0,26480185";"0,26480185";"";"LEFT";"";"enkelBilveg";"0";"";"";"POINT Z(878355.229 7801316.414 26.597)";""
"1016339606";"638";"1";"1";"2022-09-20";"";"2024-08-21T12:46:17";"Sandnessjøen trafikkstasjon";"https://www.vegvesen.no/om-oss/kontakt-oss/trafikkstasjoner/sandnessjoen/";"";"POINT (392951.39807512506 7324595.410998645)";"Alstahaug";"1820";"Nordland";"18";"";"";"KV1000 S1D1 m14";"Kommunal veg";"Eksisterende";"1000";"1";"1";"13,836";"13,836";"855740";"0,01240585";"0,01240585";"";"RIGHT";"";"enkelBilveg";"0";"";"";"POINT Z(392989.779 7324574.401 3.135)";""
"1016339607";"638";"1";"1";"2022-09-20";"";"2024-09-17T14:12:24";"Mosjøen trafikkstasjon";"https://www.vegvesen.no/om-oss/kontakt-oss/trafikkstasjoner/mosjoen/";"";"POINT (417502.35545839206 7302249.0865344945)";"Vefsn";"1824";"Nordland";"18";"";"";"KV15225 S1D1 m583";"Kommunal veg";"Eksisterende";"15225";"1";"1";"582,783";"582,783";"856274";"0,83931227";"0,83931227";"";"LEFT";"";"enkelBilveg";"0";"";"";"POINT Z(417479.055 7302207.997 3.133)";""
"1016339608";"638";"1";"1";"2022-09-20";"";"2024-10-02T12:55:59";"Sortland trafikkstasjon";"https://www.vegvesen.no/om-oss/kontakt-oss/trafikkstasjoner/sortland/";"";"POINT (515953.68579025025 7621848.430127512)";"Sortland";"1870";"Nordland";"18";"";"";"PV98032 S1D1 m21";"Privat veg";"Eksisterende";"98032";"1";"1";"21,311";"21,311";"2027818";"0,22332088";"0,22332088";"";"RIGHT";"";"enkelBilveg";"0";"";"";"POINT Z(515957.41 7621827.954 21.582)";""
"1016339609";"638";"1";"1";"2022-09-20";"";"2023-01-05T11:16:27";"Harstad trafikkstasjon";"https://www.vegvesen.no/om-oss/kontakt-oss/trafikkstasjoner/harstad/";"";"POINT (563255.6860615119 7630901.643214663)";"Harstad";"5503";"Troms";"55";"";"";"KV1245 S1D1 m34";"Kommunal veg";"Eksisterende";"1245";"1";"1";"34,42";"34,42";"1108886";"0,65154413";"0,65154413";"";"LEFT";"";"enkelBilveg";"0";"";"44:851791883";"POINT Z(563256.349 7630872.577 31.349)";""
"1016339610";"638";"1";"1";"2022-09-20";"";"2023-12-14T16:18:08";"Fauske trafikkstasjon";"https://www.vegvesen.no/om-oss/kontakt-oss/trafikkstasjoner/fauske/";"";"POINT (517072.1679393888 7461856.329460975)";"Fauske";"1841";"Nordland";"18";"RUTE8A";"DK Salten,9502 Salten 2020-2025,9551 Nordland 2020-2025,Vegoppmerking Nordland 2021-2023,9502 Salten 2025-2030,9581 Rekkverk Nordland  2024-2024";"EV6 S141D1 m5400";"Europaveg";"Eksisterende";"6";"141";"1";"5399,802";"5399,802";"885928";"0,1723446";"0,1723446";"WITH";"RIGHT";"";"enkelBilveg";"0";"";"44:89226364";"POINT Z(517127.054 7461809.39 35.627)";""
"1016339611";"638";"1";"1";"2022-09-20";"";"2022-12-21T10:53:28";"Svolvær trafikkstasjon";"https://www.vegvesen.no/om-oss/kontakt-oss/trafikkstasjoner/svolvaer/";"";"POINT (481713.3618114853 7568442.68940864)";"Vågan";"1865";"Nordland";"18";"";"";"KV1005 S1D1 m224";"Kommunal veg";"Eksisterende";"1005";"1";"1";"223,543";"223,543";"2158761";"1";"1";"";"RIGHT";"";"enkelBilveg";"0";"";"";"POINT Z(481677.449 7568438.82 2.848)";""
"1016339612";"638";"1";"1";"2022-09-20";"";"2022-09-20T11:04:20";"Elverum trafikkstasjon";"https://www.vegvesen.no/om-oss/kontakt-oss/trafikkstasjoner/elverum/";"";"POINT (311816.23885645194 6755073.174163031)";"Elverum";"3420";"Innlandet";"34";"";"";"KV4650 S1D1 m442";"Kommunal veg";"Eksisterende";"4650";"1";"1";"442,372";"442,372";"2795733";"0,286993";"0,286993";"";"RIGHT";"";"enkelBilveg";"0";"";"";"POINT Z(311823.675 6755027.645 190.98)";""
"1016339613";"638";"1";"1";"2022-09-20";"";"2022-09-20T11:04:20";"Stormyra sambruksstasjon";"https://www.vegvesen.no/om-oss/kontakt-oss/trafikkstasjoner/stormyra/";"Kun åpent for forhåndsbestilte kjøretøykontroller";"POINT (603336.544036015 7598919.940264203)";"Narvik";"1806";"Nordland";"18";"RUTE8A";"1816 Ofoten 2018-2023,DK Midtre Hålogaland,E9552 DV elektro Midtre Hålogaland 2020-2025,Vegoppmerking Nordland 2021-2023,DK 9508 Ofoten 2025-2028,DK 9508 Ofoten 2023-2025,9581 Rekkverk Nordland  2024-2024";"EV10 S32D1 m80";"Europaveg";"Eksisterende";"10";"32";"1";"79,895";"79,895";"2587487";"0,63331251";"0,63331251";"";"LEFT";"";"enkelBilveg";"0";"";"";"POINT Z(603391.377 7599042.351 40.528)";""
"1016339614";"638";"1";"1";"2022-09-20";"";"2022-09-20T11:04:20";"Gullesfjord kontrollstasjon";"https://www.vegvesen.no/om-oss/kontakt-oss/trafikkstasjoner/gullesfjord/";"";"POINT (531150.9999807645 7602088.0015574815)";"Kvæfjord";"5510";"Troms";"55";"";"DK Midtre Hålogaland,E9552 DV elektro Midtre Hålogaland 2020-2025,9503 Midtre Hålogaland 2021-2026,Vegoppmerking Troms 2021-2023,9581 Rekkverk Nordland  2024-2024";"EV10 S21D1 m13660 SD1 m49";"Europaveg";"Eksisterende";"10";"21";"1";"49,257";"49,257";"1913561";"0,52738321";"0,52738321";"";"LEFT";"";"enkelBilveg";"0";"";"";"POINT Z(531160.869 7602118.21 48.549)";""
"1016339615";"638";"1";"1";"2022-09-20";"";"2023-05-15T10:09:26";"Mandal trafikkstasjon";"https://www.vegvesen.no/om-oss/kontakt-oss/trafikkstasjoner/mandal/";"";"POINT (56079.48974027665 6456532.374781281)";"Lindesnes";"4205";"Agder";"42";"";"";"KV11450 S1D1 m74";"Kommunal veg";"Eksisterende";"11450";"1";"1";"73,887";"73,887";"104969";"0,164873";"0,164873";"";"RIGHT";"";"enkelBilveg";"0";"";"";"POINT Z(56124.004 6456575.609 1.81)";""
"1016339616";"638";"1";"1";"2022-09-20";"";"2022-09-20T11:04:20";"Nordkjosbotn kontrollstasjon";"https://www.vegvesen.no/om-oss/kontakt-oss/trafikkstasjoner/nordkjosbotn/";"";"POINT (679718.5396927091 7684782.77724038)";"Balsfjord";"5532";"Troms";"55";"";"1908 INDRE TROMS 2017-2025,5005 Troms 2017-2022,DK Sør-Troms,E9553 Troms 2022-2027,Vegoppmerking Troms 2021-2023,DK 9504-25 Sør-Troms 2025-2028,DK 9504 Sør-Troms 2023-2028,DK 9504 SVV INDRE TROMS,9582 Rekkverkskontrakt Troms og Finnmark 2024-2024";"EV6 S179D1 m11930 SD2 m116";"Europaveg";"Eksisterende";"6";"179";"1";"115,959";"115,959";"3304950";"0,55052422";"0,55052422";"";"RIGHT";"";"enkelBilveg";"0";"";"";"POINT Z(679712.195 7684795 3.297)";""
"1016339617";"638";"2";"1";"2022-12-22";"";"2022-12-22T13:47:38";"Mysen trafikkstasjon";"https://www.vegvesen.no/om-oss/kontakt-oss/trafikkstasjoner/mysen/";"";"POINT (294604.6422946007 6607495.26137846)";"Indre Østfold";"3118";"Østfold";"31";"RUTE1";"9103 Østfold-Follo 2022-2027,02E01 DV Elektro og automasjon Follo Romerike og Østfold 2022-2025,9151 Stor-Oslo veglys 2023-2027,Vegoppmerking Østfold 2021-2023,Rekkverksvedlikehold Øst 2 Oslo Viken 2025-2026,Rekkverksvedlikehold Øst 2 Oslo Viken 2023-2024";"RV22 S8D1 m4487";"Riksveg";"Eksisterende";"22";"8";"1";"4487";"4487";"2677228";"0,42688133";"0,42688133";"WITH";"LEFT";"";"enkelBilveg";"0";"";"44:1017152308";"POINT Z(294707.051 6607409.021 118.841)";""
"1016339618";"638";"1";"1";"2022-09-20";"";"2024-10-17T09:49:04";"Storslett trafikkstasjon";"https://www.vegvesen.no/om-oss/kontakt-oss/trafikkstasjoner/storslett/";"";"POINT (732341.2969612898 7751840.197747572)";"Nordreisa";"5544";"Troms";"55";"RUTE8B";"1907 NORD-TROMS 2017-2022,5005 Troms 2017-2022,DK 9505 Nord-Troms 2022-2027,E9553 Troms 2022-2027,Vegoppmerking Troms 2021-2023,9582 Rekkverkskontrakt Troms og Finnmark 2024-2024";"EV6 S191D1 m278";"Europaveg";"Eksisterende";"6";"191";"1";"278,402";"278,402";"1126296";"0,73119357";"0,73119357";"";"RIGHT";"";"enkelBilveg";"0";"";"";"POINT Z(732255.317 7751826.829 3.781)";""
"1016339619";"638";"1";"1";"2022-09-20";"";"2022-09-20T11:04:20";"Hammerfest trafikkstasjon";"https://www.vegvesen.no/om-oss/kontakt-oss/trafikkstasjoner/hammerfest/";"";"POINT (819207.6658593796 7863370.385597729)";"Hammerfest";"5603";"Finnmark";"56";"";"";"KV9900 S1D1 m210";"Kommunal veg";"Eksisterende";"9900";"1";"1";"209,964";"209,964";"2237229";"0,60916749";"0,60916749";"";"RIGHT";"";"enkelBilveg";"0";"";"";"POINT Z(819188.913 7863381.857 3.347)";""
"1016339620";"638";"1";"1";"2022-09-20";"";"2024-07-31T11:00:29";"Kvenvikmoen trafikkstasjon";"https://www.vegvesen.no/om-oss/kontakt-oss/trafikkstasjoner/kvenvikmoen/";"";"POINT Z(809418.9207013496 7778481.778696609 -0.0690165311098099)";"Alta";"5601";"Finnmark";"56";"";"2001 ALTA 2017-2022,2011 Alta 2017-2022,2012 Langfjord 2017-2022,2016 Alta Kantklipp - Brøytestikk 2017-2022,2017 Alta Drift og vedlikehold 2017-2022,5006 Vest-Finnmark 2018-2023,DK 9505 Nord-Troms 2022-2027,E9553 Troms 2022-2027,Vegoppmerking Finnmark 2021-2023,9582 Rekkverkskontrakt Troms og Finnmark 2024-2024";"EV6 S203D1 m2859 SD1 m77";"Europaveg";"Eksisterende";"6";"203";"1";"77,106";"77,106";"2803184";"0,53920618";"0,53920618";"";"RIGHT";"";"enkelBilveg";"0";"";"";"POINT Z(809447.058 7778466.097 66.478)";""
"1016339621";"638";"1";"1";"2022-09-20";"";"2022-09-20T11:04:20";"Tromsdalen trafikkstasjon";"https://www.vegvesen.no/om-oss/kontakt-oss/trafikkstasjoner/tromsdalen/";"";"POINT (653748.3892109776 7730126.413372808)";"Tromsø";"5501";"Troms";"55";"";"1905 TROMSØ 2016-2022,5005 Troms 2017-2022,1906 LYNGEN 2018-2023,DK Sør-Troms,E9553 Troms 2022-2027,DK 9504-23 Sør-Troms 2023-2025,Vegoppmerking Troms 2021-2023,DK 9504-25 Sør-Troms 2025-2028,DK 9504 Sør-Troms 2023-2028,1905 Tromsø 2022-2023,DK 9504 Sør-Troms (Lyngen),9582 Rekkverkskontrakt Troms og Finnmark 2024-2024";"EV8 S3D1 m1149 SD1 m64";"Europaveg";"Eksisterende";"8";"3";"1";"64,063";"64,063";"1113771";"0,54876358";"0,54876358";"";"RIGHT";"";"enkelBilveg";"0";"";"";"POINT Z(653730.676 7730135.687 3.513)";""
"1016339622";"638";"1";"1";"2022-09-20";"";"2023-09-13T20:38:54";"Bodø trafikkstasjon";"https://www.vegvesen.no/om-oss/kontakt-oss/trafikkstasjoner/bodo/";"";"POINT (475312.8855733503 7462539.479312716)";"Bodø";"1804";"Nordland";"18";"";"";"PV24030 S3D1 m70";"Privat veg";"Eksisterende";"24030";"3";"1";"69,761";"69,761";"860334";"0,61894177";"0,61894177";"WITH";"LEFT";"";"enkelBilveg";"0";"";"44:1017167184";"POINT Z(475253.094 7462635.684 16.838)";""
"1016339623";"638";"2";"1";"2022-12-09";"";"2022-12-09T10:48:06";"Setesdal trafikkstasjon";"https://www.vegvesen.no/om-oss/kontakt-oss/trafikkstasjoner/setesdal/";"";"POINT (81322.74129414535 6515772.414894288)";"Evje og Hornnes";"4219";"Agder";"42";"";"0901 Setesdal 2020-2026,4202 Agder øst elektro 2021-2026,4209 Bruvedlikehold 2022-2023,4210 Overflatebehandling bru 2022-2023,4211 Setesdal 2023-2028,4208 Vegoppmerking 2023-2024,4207 Rekkverk 2024-2026,4214 Asfaltarbeider 2024";"FV3786 S1D1 m43";"Fylkesveg";"Eksisterende";"3786";"1";"1";"42,545";"42,545";"3383241";"0,76145264";"0,76145264";"WITH";"LEFT";"";"enkelBilveg";"0";"";"44:1017103878";"POINT Z(81218.485 6515748.394 181.7)";""
"1016339624";"638";"1";"1";"2022-09-20";"";"2023-03-22T13:37:31";"Leknes servicekontor";"https://www.vegvesen.no/om-oss/kontakt-oss/trafikkstasjoner/leknes/";"";"POINT (442148.6148365049 7559802.3841225)";"Vestvågøy";"1860";"Nordland";"18";"";"";"KV3011 S1D1 m26";"Kommunal veg";"Eksisterende";"3011";"1";"1";"25,737";"25,737";"859051";"0,13116624";"0,13116624";"";"RIGHT";"";"enkelBilveg";"0";"";"";"POINT Z(442169.645 7559815.488 8.592)";""
"1016339625";"638";"1";"1";"2022-09-20";"";"2022-12-08T12:23:52";"Tromsø trafikkstajon";"https://www.vegvesen.no/om-oss/kontakt-oss/trafikkstasjoner/tromso/";"";"POINT (653839.5809111015 7733664.403167726)";"Tromsø";"5501";"Troms";"55";"";"";"KV37650 S1D1 m804";"Kommunal veg";"Eksisterende";"37650";"1";"1";"804,445";"804,445";"1109708";"0,41123273";"0,41123273";"";"RIGHT";"";"enkelBilveg";"0";"";"";"POINT Z(653801.441 7733611.762 7.385)";""
"1016339626";"638";"1";"1";"2022-09-20";"";"2022-09-20T11:04:20";"Kirkenes trafikkstasjon";"https://www.vegvesen.no/om-oss/kontakt-oss/trafikkstasjoner/kirkenes/";"";"POINT Z(1075084.926090682 7800529.385869633 -0.0805303379893303)";"Sør-Varanger";"5605";"Finnmark";"56";"";"";"KV16016 S1D1 m50";"Kommunal veg";"Eksisterende";"16016";"1";"1";"49,835";"49,835";"923254";"0,23618578";"0,23618578";"";"RIGHT";"";"enkelBilveg";"0";"";"";"POINT Z(1075053.542 7800566.969 38.326)";""
"1016339627";"638";"1";"1";"2022-09-20";"";"2022-09-20T11:04:20";"Flekkefjord trafikkstasjon";"https://www.vegvesen.no/om-oss/kontakt-oss/trafikkstasjoner/flekkefjord/";"";"POINT (14389.77965992951 6490284.167840527)";"Flekkefjord";"4207";"Agder";"42";"";"";"KV10183 S1D1 m153";"Kommunal veg";"Eksisterende";"10183";"1";"1";"152,91";"152,91";"2067818";"0,61039434";"0,61039434";"";"LEFT";"";"enkelBilveg";"0";"";"";"POINT Z(14371.333 6490296.846 47.244)";""

Datauttak komplett